"Data_Source","Data_Genre","Year","Latitude","Longitude","CSSC_Order","Horizon_Number","Horizon","Upper","Lower","Organic_C","pH_CaCl2","Sand","Silt","Clay"
"NPD",1,"1962",45.36672,-75.51633,"Podzolic","8","C3",102,127,0.05,"5.2",96,2,2
"NPD",1,"1962",45.36672,-75.51633,"Podzolic","4","Bf1",5,20,1.85,"5",88,6,6
"NPD",1,"1962",45.36672,-75.51633,"Podzolic","3","Ae",0,5,0.81,"3.8",90,9,3
"NPD",1,"1962",45.50005,-75.44966,"Gleysolic","3","Cg2",10,38,0.3,"6.6",5,22,73
"NPD",1,"1962",45.45005,-75.44966,"Gleysolic","3","Bfg",5,15,0.6,"5.3",6,45,50
"NPD",1,"1966",43.43339,-79.83315,"Luvisolic","5","BCk",50,75,0.4,"7",21,43,36
"NPD",1,"1966",43.43339,-79.83315,"Luvisolic","6","Ck",75,95,0.3,"7",26,44,30
"NPD",1,"1966",43.43339,-79.83315,"Luvisolic","1","Ah",0,10,3.9,"5.6",24,55,21
"NPD",1,"1966",43.43339,-79.83315,"Luvisolic","4","Bt",30,50,0.5,"4.8",15,55,40
"NPD",1,"1966",43.43339,-79.83315,"Luvisolic","2","Ae",10,20,0.8,"4.1",22,57,21
"NPD",1,"1966",43.43339,-79.83315,"Luvisolic","3","AB",20,30,0.5,"4",20,53,27
"NPD",1,"1966",43.68338,-80.24984,"Luvisolic","5","BCk",50,65,0.5,"7",44,40,16
"NPD",1,"1966",43.68338,-80.24984,"Luvisolic","6","Ck",65,100,0.2,"7",47,39,14
"NPD",1,"1966",43.68338,-80.24984,"Luvisolic","4","Bt",25,50,0.8,"6.9",35,40,25
"NPD",1,"1966",43.68338,-80.24984,"Luvisolic","1","Ah",0,15,4.1,"6.8",36,48,16
"NPD",1,"1966",43.68338,-80.24984,"Luvisolic","2","Ahe",15,20,1.6,"6.6",35,50,15
"NPD",1,"1966",43.68338,-80.24984,"Luvisolic","3","AB",20,25,1.9,"6.6",38,39,23
"NPD",1,"1968",45.46671,-75.533,"Gleysolic","4","Bg",35,50,0.2,"5.5",82,14,4
"NPD",1,"1968",45.46671,-75.533,"Gleysolic","1","Ah",0,8,5.3,"5.2",50,44,6
"NPD",1,"1968",45.46671,-75.533,"Gleysolic","3","Bgf",18,35,0.3,"5",65,28,7
"NPD",1,"1968",45.46671,-75.533,"Gleysolic","2","Aeg",8,18,0.9,"4.8",55,41,4
"NPD",1,"1970",43.0459,-80.42832,"Gleysolic","2","Aeg",13,25,0.58,"7.4",59,32,9
"NPD",1,"1970",43.0459,-80.42832,"Gleysolic","3","Bt1",25,33,0.23,"7.4",73,15,12
"NPD",1,"1970",43.0459,-80.42832,"Gleysolic","4","Bmg1",33,45,0.41,"7.4",64,23,1
"NPD",1,"1970",43.0459,-80.42832,"Gleysolic","1","Ah",0,13,4.88,"7.3",57,34,9
"NPD",1,"1970",43.0459,-80.42832,"Gleysolic","5","Bm2",45,58,0.17,"7.3",75,18,7
"NPD",1,"1970",43.15349,-80.52203,"Gleysolic","1","Ah",0,15,3.19,"7.3",79,14,7
"NPD",1,"1970",43.15349,-80.52203,"Gleysolic","2","Ae1",15,25,1.05,"7.1",88,7,5
"NPD",1,"1970",43.15349,-80.52203,"Gleysolic","4","Btg",45,65,0.41,"7",87,6,7
"NPD",1,"1970",43.15349,-80.52203,"Gleysolic","5","Bmg",65,78,0.47,"7",93,4,3
"NPD",1,"1970",43.15349,-80.52203,"Gleysolic","3","Aeg",25,45,0.76,"6.9",89,8,3
"NPD",1,"1970",43.29112,-80.24482,"Luvisolic","4","BC",55,75,0.23,"7.6",2,48,50
"NPD",1,"1970",43.29112,-80.24482,"Luvisolic","1","Ah",0,13,4.59,"7",3,69,28
"NPD",1,"1970",43.29112,-80.24482,"Luvisolic","3","Bt",28,55,0.47,"6.6",1,83,16
"NPD",1,"1970",43.29112,-80.24482,"Luvisolic","2","Ae",13,28,1.63,"6.4",2,79,19
"NPD",1,"1970",43.1414,-80.4385,"Luvisolic","3","Bt",33,50,1.05,"7.3",39,30,31
"NPD",1,"1970",43.1414,-80.4385,"Luvisolic","1","Ah",0,18,2.85,"7.2",28,59,13
"NPD",1,"1970",43.1414,-80.4385,"Luvisolic","2","Ae",18,33,1.1,"7.1",30,57,13
"NPD",1,"1970",43.08005,-80.41449,"Luvisolic","2","Ahe",15,23,0.87,"7.5",50,40,10
"NPD",1,"1970",43.08005,-80.41449,"Luvisolic","3","Ae",23,48,0.29,"7.5",73,17,10
"NPD",1,"1970",43.08005,-80.41449,"Luvisolic","1","Ah",0,15,1.86,"7.4",48,42,10
"NPD",1,"1970",43.08005,-80.41449,"Luvisolic","4","Bt",48,68,0.35,"7.4",51,20,29
"NPD",1,"1970",43.08005,-80.41449,"Luvisolic","5","BCk",68,78,0.47,"7.4",59,27,14
"NPD",1,"1970",43.07252,-80.43913,"Gleysolic","4","Ckg",55,83,0.17,"7.6",68,25,6
"NPD",1,"1970",43.07252,-80.43913,"Gleysolic","3","Btg",45,55,0.58,"7.3",55,29,16
"NPD",1,"1970",43.07252,-80.43913,"Gleysolic","1","Ah",0,30,4.01,"7.2",54,33,13
"NPD",1,"1970",43.07252,-80.43913,"Gleysolic","2","Aeg",30,45,0.47,"7.1",56,32,12
"NPD",1,"1970",43.06077,-80.43187,"Gleysolic","3","BCkg",50,75,0.52,"7.6",61,32,7
"NPD",1,"1970",43.06077,-80.43187,"Gleysolic","2","Bmg",23,50,0.47,"7.5",53,30,17
"NPD",1,"1970",43.06077,-80.43187,"Gleysolic","1","Ah",0,23,3.72,"7.3",53,33,14
"NPD",1,"1970",43.27748,-80.37317,"Luvisolic","1","Ah",0,18,1.69,"7.2",49,38,12
"NPD",1,"1970",43.27748,-80.37317,"Luvisolic","2","Ae",18,58,0.12,"7",62,31,7
"NPD",1,"1970",43.27748,-80.37317,"Luvisolic","3","AB",58,75,0.12,"6.9",69,23,8
"NPD",1,"1970",43.27748,-80.37317,"Luvisolic","4","Bt",75,93,0.06,"6.9",76,11,13
"NPD",1,"1970",43.08867,-80.52622,"Brunisolic","1","Ah",0,15,1.4,"6.9",78,15,7
"NPD",1,"1970",43.08867,-80.52622,"Brunisolic","5","Bmg",70,122,0.06,"6.2",94,2,4
"NPD",1,"1970",43.08867,-80.52622,"Brunisolic","4","Bm3",53,70,0.06,"5.9",92,4,4
"NPD",1,"1970",43.08867,-80.52622,"Brunisolic","2","Bm1",15,35,0.35,"5.8",85,11,4
"NPD",1,"1970",43.08867,-80.52622,"Brunisolic","3","Bm2",35,53,0.12,"5.5",92,4,4
"NPD",1,"1970",43.09086,-80.51146,"Gleysolic","8","Ck",88,128,0.06,"7.6",94,4,2
"NPD",1,"1970",43.09086,-80.51146,"Gleysolic","7","Bmg4",78,88,0.12,"7.4",90,4,5
"NPD",1,"1970",43.09086,-80.51146,"Gleysolic","1","Ah",0,10,4.77,"7",75,18,7
"NPD",1,"1970",43.09086,-80.51146,"Gleysolic","2","Bm1",10,18,2.79,"6.2",80,15,5
"NPD",1,"1970",43.09086,-80.51146,"Gleysolic","4","Bmg1",33,50,0.29,"6",89,7,4
"NPD",1,"1970",43.09086,-80.51146,"Gleysolic","3","Bm2",18,33,0.52,"5.4",87,11,2
"NPD",1,"1970",43.14907,-80.5442,"Gleysolic","1","Ah",0,20,4.19,"6.9",77,14,9
"NPD",1,"1970",43.14907,-80.5442,"Gleysolic","4","Bmg3",68,90,0.06,"6.8",93,4,3
"NPD",1,"1970",43.14907,-80.5442,"Gleysolic","2","Bmg1",20,35,0.17,"6.6",90,7,3
"NPD",1,"1970",43.04499,-80.4271,"Gleysolic","2","BCkg",20,45,0.41,"7.9",49,38,13
"NPD",1,"1970",43.04499,-80.4271,"Gleysolic","1","Ah",0,20,2.32,"7.5",54,31,15
"NPD",1,"1970",43.12226,-80.59726,"Luvisolic","5","Ckg",78,90,0.29,"7.7",17,64,19
"NPD",1,"1970",43.12226,-80.59726,"Luvisolic","1","Ah",0,28,2.04,"7.4",65,23,12
"NPD",1,"1970",43.12226,-80.59726,"Luvisolic","4","Bt",48,78,0.29,"7.4",11,60,29
"NPD",1,"1970",43.12226,-80.59726,"Luvisolic","2","Ae",28,38,0.76,"7.3",70,26,4
"NPD",1,"1970",43.12226,-80.59726,"Luvisolic","3","AB",38,48,0.35,"7.3",49,32,19
"NPD",1,"1970",43.04411,-80.27119,"Luvisolic","6","Ck",65,85,0.12,"7.7",3,70,27
"NPD",1,"1970",43.04411,-80.27119,"Luvisolic","5","Bt",55,65,0.23,"7.5",9,59,32
"NPD",1,"1970",43.04411,-80.27119,"Luvisolic","1","Ah",0,13,1.45,"7.4",78,15,7
"NPD",1,"1970",43.04411,-80.27119,"Luvisolic","2","Ae1",13,23,0.7,"7.2",84,12,4
"NPD",1,"1970",43.04411,-80.27119,"Luvisolic","3","Ae2",23,35,0.29,"7",90,6,4
"NPD",1,"1970",43.04411,-80.27119,"Luvisolic","4","Aeg",35,55,0.06,"6.8",92,7,1
"NPD",1,"1970",43.2144,-80.44953,"Luvisolic","1","Ah",0,23,2.56,"7.4",37,48,15
"NPD",1,"1970",43.2144,-80.44953,"Luvisolic","2","Ae",23,43,0.47,"7.4",64,25,11
"NPD",1,"1970",43.2144,-80.44953,"Luvisolic","3","Bt",43,63,0.17,"7.4",64,26,10
"NPD",1,"1970",43.1475,-80.60693,"Gleysolic","4","Ckg",70,95,0.12,"7.3",31,46,23
"NPD",1,"1970",43.1475,-80.60693,"Gleysolic","1","Ah",0,23,1.45,"7",68,23,9
"NPD",1,"1970",43.1475,-80.60693,"Gleysolic","2","Ae",23,45,0.12,"6.9",86,6,8
"NPD",1,"1970",43.1475,-80.60693,"Gleysolic","3","Btg",45,70,0.23,"6.8",25,46,29
"NPD",1,"1970",43.26281,-80.40782,"Luvisolic","1","Ah",0,18,1.7,"7",46,43,11
"NPD",1,"1970",43.26281,-80.40782,"Luvisolic","2","Ae",18,35,0.47,"6.8",54,36,9
"NPD",1,"1970",43.26281,-80.40782,"Luvisolic","3","Bt",35,63,0.17,"6.8",46,34,20
"NPD",1,"1970",43.29613,-80.25401,"Luvisolic","1","Ah",0,18,1.45,"7.4",22,69,8
"NPD",1,"1970",43.29613,-80.25401,"Luvisolic","4","Bt2",63,73,0.29,"7.4",9,79,12
"NPD",1,"1970",43.29613,-80.25401,"Luvisolic","2","Ae",18,43,0.52,"7.3",8,77,14
"NPD",1,"1970",43.29613,-80.25401,"Luvisolic","3","Bt1",43,63,0.7,"7.2",10,76,14
"NPD",1,"1970",43.23321,-80.43027,"Luvisolic","1","Ah",0,20,2.62,"7",27,58,15
"NPD",1,"1970",43.23321,-80.43027,"Luvisolic","4","Btg",58,73,0.35,"6.9",30,50,20
"NPD",1,"1970",43.23321,-80.43027,"Luvisolic","2","Ae",20,43,0.87,"6.8",25,62,13
"NPD",1,"1970",43.23321,-80.43027,"Luvisolic","3","Bt1",43,58,0.41,"6.7",32,53,15
"NPD",1,"1970",43.25399,-80.44486,"Gleysolic","4","Ckg",65,90,0.29,"7.6",30,56,14
"NPD",1,"1970",43.25399,-80.44486,"Gleysolic","3","Btg",48,65,0.41,"7.5",31,54,15
"NPD",1,"1970",43.25399,-80.44486,"Gleysolic","1","Ah",0,30,2.74,"7.4",30,50,20
"NPD",1,"1970",43.25399,-80.44486,"Gleysolic","2","Ae",30,48,0.76,"7.4",38,48,14
"NPD",1,"1970",43.2366,-80.38898,"Luvisolic","1","Ah",0,13,2.04,"7.2",33,55,12
"NPD",1,"1970",43.2366,-80.38898,"Luvisolic","3","Bt",35,50,0.52,"7.1",21,39,40
"NPD",1,"1970",43.2366,-80.38898,"Luvisolic","2","Ae",13,35,0.47,"6.9",26,62,11
"NPD",1,"1970",43.23307,-80.40256,"Gleysolic","4","Btg2",48,60,0.23,"7.5",33,34,33
"NPD",1,"1970",43.23307,-80.40256,"Gleysolic","1","Ah",0,18,1.86,"7.3",23,64,13
"NPD",1,"1970",43.23307,-80.40256,"Gleysolic","3","Btg1",28,48,0.35,"7.3",28,55,17
"NPD",1,"1970",43.23307,-80.40256,"Gleysolic","2","Aeg",18,28,0.64,"7.1",32,55,13
"NPD",1,"1970",43.1668,-80.47764,"Luvisolic","5","Ck",78,95,0.29,"7.1",8,40,51
"NPD",1,"1970",43.1668,-80.47764,"Luvisolic","1","Ah",0,18,2.38,"6.9",29,51,20
"NPD",1,"1970",43.1668,-80.47764,"Luvisolic","2","Ae",18,30,0.99,"6.8",20,55,24
"NPD",1,"1970",43.1668,-80.47764,"Luvisolic","3","Bt1",30,50,0.35,"6.7",15,43,41
"NPD",1,"1970",43.14434,-80.60449,"Gleysolic","4","Ckg",53,100,0.29,"7.2",19,49,32
"NPD",1,"1970",43.14434,-80.60449,"Gleysolic","1","Ah",0,23,3.84,"7",44,27,28
"NPD",1,"1970",43.14434,-80.60449,"Gleysolic","2","Ae",23,33,0.87,"6.8",42,26,32
"NPD",1,"1970",43.14434,-80.60449,"Gleysolic","3","Btg",33,53,0.47,"6.8",19,44,37
"NPD",1,"1970",43.11833,-80.02077,"Luvisolic","6","Ck",55,95,0.35,"7.4",1,28,70
"NPD",1,"1970",43.11833,-80.02077,"Luvisolic","1","Ah",0,15,3.49,"6.8",3,59,38
"NPD",1,"1970",43.11833,-80.02077,"Luvisolic","5","Bt2",43,55,0.47,"6.7",0,30,70
"NPD",1,"1970",43.11833,-80.02077,"Luvisolic","4","Bt1",35,43,0.47,"5.6",1,35,65
"NPD",1,"1970",43.11833,-80.02077,"Luvisolic","2","Aegj",15,28,1.45,"5",1,51,48
"NPD",1,"1970",43.11833,-80.02077,"Luvisolic","3","ABg",28,35,0.52,"4.7",1,30,68
"NPD",1,"1970",43.14292,-80.11015,"Luvisolic","1","Ah",0,13,3.32,"7.3",3,56,41
"NPD",1,"1970",43.14292,-80.11015,"Luvisolic","2","Aeg",13,28,1.45,"7.2",3,50,47
"NPD",1,"1970",43.14292,-80.11015,"Luvisolic","3","Bt",28,60,0.47,"7.1",1,43,56
"NPD",1,"1970",43.10337,-80.06157,"Gleysolic","5","Ckg",63,90,0.23,"7.7",2,45,53
"NPD",1,"1970",43.10337,-80.06157,"Gleysolic","4","Bg2",43,63,0.35,"6.5",2,49,49
"NPD",1,"1970",43.10337,-80.06157,"Gleysolic","1","Ah",0,13,3.78,"5.7",6,54,39
"NPD",1,"1970",43.10337,-80.06157,"Gleysolic","2","ABg",13,23,1.1,"5.5",5,51,44
"NPD",1,"1970",43.10337,-80.06157,"Gleysolic","3","Bg1",23,43,0.64,"5.2",2,48,50
"NPD",1,"1970",43.05687,-80.57006,"Gleysolic","4","Ckg",58,90,0.29,"7.3",11,47,41
"NPD",1,"1970",43.05687,-80.57006,"Gleysolic","3","Bg2",45,58,0.35,"7.2",11,42,47
"NPD",1,"1970",43.05687,-80.57006,"Gleysolic","2","Bg1",23,45,0.76,"7.1",14,45,41
"NPD",1,"1970",43.05687,-80.57006,"Gleysolic","1","Ah",0,23,4.88,"6.9",12,49,39
"NPD",1,"1970",43.21519,-80.42797,"Luvisolic","4","B",48,60,0.74,"7.4",74,24,2
"NPD",1,"1970",43.21519,-80.42797,"Luvisolic","1","Ah",0,23,2.85,"7.2",42,46,11
"NPD",1,"1970",43.21519,-80.42797,"Luvisolic","2","AB",23,30,0.47,"7.2",46,43,11
"NPD",1,"1970",43.21519,-80.42797,"Luvisolic","3","Bt",30,48,0.7,"7.2",46,40,13
"NPD",1,"1970",43.14092,-80.43174,"Gleysolic","5","Ckg",68,90,0.12,"7.5",82,17,1
"NPD",1,"1970",43.14092,-80.43174,"Gleysolic","4","Bg",55,68,0.12,"7.4",66,30,4
"NPD",1,"1970",43.14092,-80.43174,"Gleysolic","1","Ah",0,25,4.01,"7.3",49,39,12
"NPD",1,"1970",43.14092,-80.43174,"Gleysolic","2","Aeg",25,30,0.99,"7.3",49,40,11
"NPD",1,"1970",43.14092,-80.43174,"Gleysolic","3","Bg",30,55,0.23,"7.3",41,50,9
"NPD",1,"1970",45.46672,-75.64967,"Brunisolic","5","BCgj2",74,86,0.26,"6.2",46,39,15
"NPD",1,"1970",45.46672,-75.64967,"Brunisolic","4","BCgj1",43,74,0.26,"6",48,38,14
"NPD",1,"1970",45.46672,-75.64967,"Brunisolic","1","Ah",0,12,2.5,"5.5",57,29,14
"NPD",1,"1970",45.46672,-75.64967,"Brunisolic","3","Bm2",25,43,0.77,"5.4",59,28,13
"NPD",1,"1971",43.27754,-80.30477,"Luvisolic","1","Ah",0,15,1.98,"7.2",49,39,12
"NPD",1,"1971",43.27754,-80.30477,"Luvisolic","2","Ae",15,35,0.87,"7.2",53,38,9
"NPD",1,"1971",43.27754,-80.30477,"Luvisolic","3","Bt1",35,60,0.23,"6.6",59,27,14
"NPD",1,"1971",43.27754,-80.30477,"Luvisolic","4","Bt2",60,117,0.35,"6.4",57,28,15
"NPD",1,"1971",43.0375,-80.37254,"Luvisolic","1","Ah",0,10,2.5,"7",75,18,7
"NPD",1,"1971",43.0375,-80.37254,"Luvisolic","4","Bt",43,63,0.35,"6.2",73,17,10
"NPD",1,"1971",43.0375,-80.37254,"Luvisolic","2","Ae1",10,25,0.41,"6",83,13,4
"NPD",1,"1971",43.0375,-80.37254,"Luvisolic","3","Ae2",25,43,0.17,"5.3",82,14,4
"NPD",1,"1971",43.23411,-80.42965,"Gleysolic","1","Ah",0,20,1.98,"7.2",65,25,10
"NPD",1,"1971",43.23411,-80.42965,"Gleysolic","2","Aeg1",20,33,0.41,"7",69,20,10
"NPD",1,"1971",43.23411,-80.42965,"Gleysolic","3","Aeg2",33,45,0.35,"6.9",75,20,5
"NPD",1,"1971",43.11825,-80.49464,"Gleysolic","4","Ckg1",58,68,0.41,"7.1",88,7,5
"NPD",1,"1971",43.11825,-80.49464,"Gleysolic","3","Btg",25,58,0.93,"6.7",73,14,12
"NPD",1,"1971",43.11825,-80.49464,"Gleysolic","2","Aeg",18,25,2.68,"6.5",77,14,9
"NPD",1,"1971",43.11825,-80.49464,"Gleysolic","1","Ah",0,18,7.97,"5.9",73,17,10
"NPD",1,"1971",43.07046,-80.48091,"Gleysolic","4","Ckg",45,58,0.12,"7.3",63,27,10
"NPD",1,"1971",43.07046,-80.48091,"Gleysolic","3","Btg",35,45,0.58,"7",85,8,6
"NPD",1,"1971",43.07046,-80.48091,"Gleysolic","2","Ae",28,35,0.52,"6.9",92,4,3
"NPD",1,"1971",43.07046,-80.48091,"Gleysolic","1","Ah",0,28,8.14,"6.8",72,17,11
"NPD",1,"1971",43.00661,-80.40476,"Gleysolic","4","Btg",58,65,0.23,"7",38,35,27
"NPD",1,"1971",43.00661,-80.40476,"Gleysolic","1","Ah",0,20,2.91,"6.9",64,19,17
"NPD",1,"1971",43.00661,-80.40476,"Gleysolic","2","Ae",20,28,0.47,"6.6",82,13,5
"NPD",1,"1971",43.00661,-80.40476,"Gleysolic","3","Btg",28,58,0.47,"6.6",74,12,14
"NPD",1,"1971",43.24969,-80.31617,"Luvisolic","4","Bt1",40,75,0.47,"6.9",39,35,25
"NPD",1,"1971",43.24969,-80.31617,"Luvisolic","5","Bt2",75,122,0.76,"6.9",48,36,16
"NPD",1,"1971",43.24969,-80.31617,"Luvisolic","1","Ah",0,13,3.5,"6.6",30,56,14
"NPD",1,"1971",43.24969,-80.31617,"Luvisolic","3","Ae2",30,40,0.76,"6.5",26,57,17
"NPD",1,"1971",43.24969,-80.31617,"Luvisolic","2","Ae1",13,30,0.58,"6",30,58,12
"NPD",1,"1971",43.29505,-80.29655,"Luvisolic","1","Ah",0,10,3.2,"6.8",37,50,13
"NPD",1,"1971",43.29505,-80.29655,"Luvisolic","4","Bt1",30,60,0.47,"6.1",28,48,24
"NPD",1,"1971",43.29505,-80.29655,"Luvisolic","2","Ae",10,25,1.11,"5.8",39,49,12
"NPD",1,"1971",43.29505,-80.29655,"Luvisolic","3","AB",25,30,0.47,"5.2",40,48,12
"NPD",1,"1971",43.29588,-80.28545,"Luvisolic","1","Ah",0,15,2.79,"6.4",29,57,14
"NPD",1,"1971",43.29588,-80.28545,"Luvisolic","2","Ae",15,45,0.76,"5.2",31,58,11
"NPD",1,"1971",43.29588,-80.28545,"Luvisolic","4","Bt",65,95,0.41,"5",24,54,22
"NPD",1,"1971",43.26064,-80.42447,"Luvisolic","1","Ah",0,18,2.09,"7.5",27,55,18
"NPD",1,"1971",43.26064,-80.42447,"Luvisolic","2","Ae",18,33,0.47,"7.3",26,58,16
"NPD",1,"1971",43.26064,-80.42447,"Luvisolic","3","Bt",33,60,0.23,"7.2",17,54,29
"NPD",1,"1971",43.26064,-80.42447,"Luvisolic","4","Ck",60,95,0.23,"7",13,68,19
"NPD",1,"1971",43.04241,-80.28717,"Luvisolic","1","Ah",0,13,3.32,"6.9",26,62,12
"NPD",1,"1971",43.04241,-80.28717,"Luvisolic","2","Ae1",13,20,1.63,"6.8",24,53,23
"NPD",1,"1971",43.04241,-80.28717,"Luvisolic","3","Ae2",20,30,0.7,"6.6",24,67,9
"NPD",1,"1971",43.23778,-80.44501,"Gleysolic","1","Ap",0,28,3.02,"7",28,51,21
"NPD",1,"1971",43.23778,-80.44501,"Gleysolic","3","Bmg",45,63,0.17,"6.9",33,48,19
"NPD",1,"1971",43.23778,-80.44501,"Gleysolic","2","Aeg",28,45,0.23,"6.8",32,47,20
"NPD",1,"1971",43.06492,-80.36367,"Gleysolic","2","Bmg",15,28,0.12,"7.3",7,82,11
"NPD",1,"1971",43.06492,-80.36367,"Gleysolic","1","Ah",0,15,4.07,"6.9",13,70,17
"NPD",1,"1971",43.08347,-80.46913,"Luvisolic","3","Bt",28,75,0.35,"7.2",13,51,36
"NPD",1,"1971",43.08347,-80.46913,"Luvisolic","1","Ah",0,18,1.86,"7.1",30,54,16
"NPD",1,"1971",43.08347,-80.46913,"Luvisolic","2","Ae",18,28,0.52,"7",28,44,28
"NPD",1,"1971",43.03496,-80.24981,"Gleysolic","4","BCg",63,70,0.23,"7.2",1,57,40
"NPD",1,"1971",43.03496,-80.24981,"Gleysolic","1","Ah",0,13,4.94,"6.9",8,54,38
"NPD",1,"1971",43.03496,-80.24981,"Gleysolic","2","AB",13,18,2.32,"6.8",5,56,39
"NPD",1,"1971",43.0477,-80.2693,"Gleysolic","3","Ckg1",40,58,0.17,"7.5",9,59,32
"NPD",1,"1971",43.0477,-80.2693,"Gleysolic","2","Bmg",20,40,0.99,"7.3",23,45,32
"NPD",1,"1971",43.0477,-80.2693,"Gleysolic","1","Ah",0,20,2.56,"7.1",49,29,22
"NPD",1,"1971",43.21532,-80.22175,"Regosolic","2","Ck1",30,45,1.51,"7.4",10,72,18
"NPD",1,"1971",43.21532,-80.22175,"Regosolic","3","Ck2",45,63,1.8,"7.4",8,73,19
"NPD",1,"1971",43.21532,-80.22175,"Regosolic","1","Ahk",0,30,2.27,"7.3",7,71,22
"NPD",1,"1971",43.21532,-80.22175,"Regosolic","4","Ck3",63,88,1.98,"7.3",4,76,20
"NPD",1,"1971",43.10546,-80.45481,"Brunisolic","5","Bmg2",75,90,1.28,"7.4",77,17,6
"NPD",1,"1971",43.10546,-80.45481,"Brunisolic","2","Bm1",18,43,1.4,"7.3",44,42,14
"NPD",1,"1971",43.10546,-80.45481,"Brunisolic","3","Bm2",43,58,1.57,"7.3",30,57,13
"NPD",1,"1971",43.10546,-80.45481,"Brunisolic","4","Bmg1",58,75,0.93,"7.3",40,44,16
"NPD",1,"1971",43.10546,-80.45481,"Brunisolic","1","Ah",0,18,3.08,"7.1",51,31,18
"NPD",1,"1971",43.09774,-80.54212,"Gleysolic","1","Ahg",0,25,3.72,"7.1",27,44,28
"NPD",1,"1971",43.09774,-80.54212,"Gleysolic","3","Cg2",60,90,0.93,"6.8",22,56,22
"NPD",1,"1971",43.09774,-80.54212,"Gleysolic","2","Cg1",25,60,3.6,"6.7",28,48,24
"NPD",1,"1971",43.1111,-80.25626,"Regosolic","1","Ahk",0,23,2.09,"7.4",42,44,14
"NPD",1,"1971",43.1111,-80.25626,"Regosolic","2","Ck1",23,45,1.16,"7.4",58,31,11
"NPD",1,"1971",43.1111,-80.25626,"Regosolic","3","Ck2",45,65,1.98,"7.2",43,43,14
"NPD",1,"1971",43.1111,-80.25626,"Regosolic","4","Ck3",65,80,1.74,"7.2",55,33,12
"NPD",1,"1971",43.14907,-80.3548,"Gleysolic","3","Ckg2",35,53,0.17,"7.3",88,8,4
"NPD",1,"1971",43.14907,-80.3548,"Gleysolic","4","Ckg3",53,78,0.41,"7.3",83,12,4
"NPD",1,"1971",43.14907,-80.3548,"Gleysolic","1","Ahkg",0,18,1.69,"7.2",72,23,5
"NPD",1,"1971",43.14907,-80.3548,"Gleysolic","2","Ckg1",18,35,0.58,"7.2",87,9,4
"NPD",1,"1971",43.15638,-80.2963,"Brunisolic","3","Ck",43,50,0.7,"7.2",76,18,6
"NPD",1,"1971",43.15638,-80.2963,"Brunisolic","4","Ck",50,80,0.41,"7.2",79,16,5
"NPD",1,"1971",43.15638,-80.2963,"Brunisolic","2","Bm",20,43,0.93,"7.1",65,24,11
"NPD",1,"1971",43.15638,-80.2963,"Brunisolic","1","Ah",0,20,2.79,"6.9",46,38,16
"NPD",1,"1974",43.7945,-79.55397,"Luvisolic","5","Ckg",66,81,0.5,"7.3",34,37,29
"NPD",1,"1974",43.7945,-79.55397,"Luvisolic","4","BC",59,66,0.5,"7.2",11,35,54
"NPD",1,"1974",43.7945,-79.55397,"Luvisolic","3","Btgj",33,59,0.6,"7.1",14,37,49
"NPD",1,"1975",43.18894,-79.39146,"Gleysolic","1","Ap",0,26,1,"7.6",52,33,15
"NPD",1,"1975",43.18894,-79.39146,"Gleysolic","2","Aeg",26,32,0.1,"7.3",57,35,8
"NPD",1,"1975",43.18894,-79.39146,"Gleysolic","3","Btg",32,47,0.1,"7.3",43,45,12
"NPD",1,"1975",43.18894,-79.39146,"Gleysolic","4","Bg1",47,74,0.1,"6.9",68,24,8
"NPD",1,"1975",43.18894,-79.39146,"Gleysolic","5","Bg2",74,80,0.1,"6.8",51,40,9
"NPD",1,"1975",43.17228,-79.42202,"Gleysolic","4","Btg1",29,45,0.3,"7.7",3,57,40
"NPD",1,"1975",43.17228,-79.42202,"Gleysolic","6","Ckg1",62,85,0.2,"7.7",11,53,36
"NPD",1,"1975",43.17228,-79.42202,"Gleysolic","3","Aeg",26,29,0.7,"7.4",2,36,62
"NPD",1,"1975",43.17228,-79.42202,"Gleysolic","2","Ap2",15,26,3,"7.2",8,43,49
"NPD",1,"1975",43.17228,-79.42202,"Gleysolic","1","Ap1",0,15,4.9,"6.7",6,50,44
"NPD",1,"1975",43.62504,-80.41651,"Luvisolic","5","Bt",50,60,0.8,"7.2",34,44,22
"NPD",1,"1975",43.62504,-80.41651,"Luvisolic","4","Bt",44,50,0.4,"7.1",58,26,16
"NPD",1,"1975",43.62504,-80.41651,"Luvisolic","1","Ah",0,24,2.3,"7",22,62,16
"NPD",1,"1975",43.62504,-80.41651,"Luvisolic","2","Ae",24,34,1,"7",21,61,18
"NPD",1,"1975",43.62504,-80.41651,"Luvisolic","3","Bt",34,44,0.4,"7",32,44,24
"NPD",1,"1975",45.38859,-75.72141,"Brunisolic","3","Ck",44,100,0.1,"7.5",63,27,10
"NPD",1,"1975",45.38859,-75.72141,"Brunisolic","1","Ap",0,25,1.4,"7.1",58,29,13
"NPD",1,"1975",45.38859,-75.72141,"Brunisolic","2","Bm",25,44,1.1,"7",50,30,20
"NPD",1,"1975",45.37171,-75.72801,"Gleysolic","10","Bg5",60,90,0.3,"6.6",6,34,60
"NPD",1,"1975",45.37171,-75.72801,"Gleysolic","11","Cg",90,120,0.2,"6.6",3,31,66
"NPD",1,"1975",45.37171,-75.72801,"Gleysolic","8","Bg3",40,50,0.5,"6.5",22,42,36
"NPD",1,"1975",45.37171,-75.72801,"Gleysolic","5","Ahp5",20,25,2.5,"6.4",41,36,23
"NPD",1,"1975",45.37171,-75.72801,"Gleysolic","1","Ahp1",0,5,4.1,"5.9",36,38,26
"NPD",1,"1975",43.71072,-80.6008,"Luvisolic","3","Btgj",36,48,0.47,"7.4",16,37,48
"NPD",1,"1975",43.71072,-80.6008,"Luvisolic","1","Ap",0,30,2.18,"7.3",22,55,23
"NPD",1,"1975",43.69904,-80.61018,"Luvisolic","3","Bt",20,55,0.53,"7",12,43,45
"NPD",1,"1975",43.69904,-80.61018,"Luvisolic","1","Ap",0,15,3.18,"6.8",23,48,29
"NPD",1,"1975",43.69904,-80.61018,"Luvisolic","2","Bm",15,20,0.88,"6.7",26,52,23
"NPD",1,"1975",43.71061,-80.57287,"Brunisolic","3","Btjgj",30,40,0.59,"7.4",22,52,26
"NPD",1,"1975",43.71061,-80.57287,"Brunisolic","2","Aejgj",20,30,0.59,"7.1",23,54,23
"NPD",1,"1975",43.71061,-80.57287,"Brunisolic","1","Ap",0,20,2.47,"7",17,60,22
"NPD",1,"1975",42.94216,-80.17617,"Brunisolic","3","Btj",50,64,0.51,"7.4",2,49,49
"NPD",1,"1975",42.94216,-80.17617,"Brunisolic","1","Ap",0,40,3.02,"7.3",20,53,26
"NPD",1,"1975",42.94216,-80.17617,"Brunisolic","2","Bm",40,50,0.75,"7",9,45,45
"NPD",1,"1975",42.92972,-80.20048,"Brunisolic","4","Bmgj3",42,52,0.35,"7.3",26,52,22
"NPD",1,"1975",42.92972,-80.20048,"Brunisolic","3","Bmgj2",27,42,0.7,"6.8",27,52,21
"NPD",1,"1975",42.92972,-80.20048,"Brunisolic","2","Bmgj1",19,27,1.04,"6.7",20,57,23
"NPD",1,"1975",42.90474,-80.16956,"Luvisolic","4","Bt",33,50,0.23,"7",78,6,16
"NPD",1,"1975",42.90474,-80.16956,"Luvisolic","3","Bmgj",25,33,0.23,"6.1",92,5,3
"NPD",1,"1975",42.90474,-80.16956,"Luvisolic","2","Bm",15,25,0.35,"6",88,8,4
"NPD",1,"1975",42.90474,-80.16956,"Luvisolic","1","Ap",0,15,1.62,"5.9",76,15,9
"NPD",1,"1975",42.90258,-80.18319,"Luvisolic","5","Bt",60,85,0.29,"7.4",13,48,39
"NPD",1,"1975",42.90258,-80.18319,"Luvisolic","1","Ap",0,27,1.62,"6.9",68,20,12
"NPD",1,"1975",42.90258,-80.18319,"Luvisolic","4","Btgj",44,60,0.41,"6.9",28,37,35
"NPD",1,"1975",42.90258,-80.18319,"Luvisolic","3","Bmgj",37,44,0.35,"6.6",82,13,5
"NPD",1,"1975",42.90258,-80.18319,"Luvisolic","2","Bm",27,37,0.46,"6.5",84,11,5
"NPD",1,"1975",42.89541,-80.18781,"Luvisolic","2","Bt",20,64,0.39,"5.9",2,68,30
"NPD",1,"1975",42.89541,-80.18781,"Luvisolic","1","Ap",0,20,1.53,"5.2",4,71,25
"NPD",1,"1975",42.87911,-80.17542,"Gleysolic","3","Btg",33,44,0.3,"7.6",19,48,33
"NPD",1,"1975",42.87911,-80.17542,"Gleysolic","2","Bmgj",23,33,0.34,"7.4",50,36,14
"NPD",1,"1975",42.87911,-80.17542,"Gleysolic","1","Ap",0,23,2.78,"6.7",56,26,18
"NPD",1,"1975",42.87123,-80.14442,"Luvisolic","4","Btj2",44,54,0.35,"7.2",50,25,25
"NPD",1,"1975",42.87123,-80.14442,"Luvisolic","1","Ap",0,23,1.68,"7",29,43,28
"NPD",1,"1975",42.87123,-80.14442,"Luvisolic","2","Btgj",23,34,0.7,"6.9",20,39,41
"NPD",1,"1975",42.87123,-80.14442,"Luvisolic","3","Btj1",34,44,0.52,"6.8",36,30,34
"NPD",1,"1975",42.86952,-80.15608,"Luvisolic","5","Bt",53,63,0.41,"7.6",12,43,45
"NPD",1,"1975",42.86952,-80.15608,"Luvisolic","4","Bt",45,53,0.23,"6.6",59,11,30
"NPD",1,"1975",42.86952,-80.15608,"Luvisolic","1","Ap",0,14,3.6,"6.5",61,23,16
"NPD",1,"1975",42.86952,-80.15608,"Luvisolic","2","Bmgj",14,39,0.7,"6.3",83,11,6
"NPD",1,"1975",42.86952,-80.15608,"Luvisolic","3","Bm",39,45,0.29,"6.1",81,11,8
"NPD",1,"1975",42.86529,-80.18209,"Luvisolic","5","Ck",90,130,0.1,"7.4",96,2,2
"NPD",1,"1975",42.86529,-80.18209,"Luvisolic","1","Ap",0,30,1.3,"7",87,8,5
"NPD",1,"1975",42.86529,-80.18209,"Luvisolic","4","Bt",65,90,0.1,"6.6",89,3,8
"NPD",1,"1975",42.86371,-80.18701,"Luvisolic","3","Btgj",32,50,0.35,"7.5",8,40,42
"NPD",1,"1975",42.86371,-80.18701,"Luvisolic","2","Bmgj",19,32,0.52,"7",70,18,12
"NPD",1,"1975",42.86371,-80.18701,"Luvisolic","1","Ap",0,19,2.55,"6.3",66,21,13
"NPD",1,"1975",42.8751,-80.18073,"Luvisolic","3","Bmgj",53,84,0.12,"6.2",92,5,3
"NPD",1,"1975",42.8751,-80.18073,"Luvisolic","2","Bm",30,53,0.29,"5.9",90,7,3
"NPD",1,"1975",42.8751,-80.18073,"Luvisolic","4","Btgj1",84,103,0.23,"5.9",90,5,5
"NPD",1,"1975",42.8751,-80.18073,"Luvisolic","5","Btgj2",103,123,0.12,"5.9",91,4,5
"NPD",1,"1975",42.8751,-80.18073,"Luvisolic","1","Ap",0,30,1.28,"5.5",86,10,4
"NPD",1,"1975",43.17114,-80.9974,"Luvisolic","4","Ck",60,65,0.17,"7.5",49,38,13
"NPD",1,"1975",43.17114,-80.9974,"Luvisolic","3","Bt",30,60,0.29,"7.2",48,28,25
"NPD",1,"1975",43.17114,-80.9974,"Luvisolic","1","Ap",0,25,1.7,"6.5",27,58,15
"NPD",1,"1975",43.17114,-80.9974,"Luvisolic","2","Bm",25,30,0.35,"6",24,64,12
"NPD",1,"1975",43.18014,-80.99986,"Luvisolic","4","Ck",100,120,0.12,"7.4",49,40,11
"NPD",1,"1975",43.18014,-80.99986,"Luvisolic","1","Ap",0,28,1.82,"6.9",27,60,14
"NPD",1,"1975",43.18014,-80.99986,"Luvisolic","2","Bm",28,50,0.53,"5.9",16,74,10
"NPD",1,"1975",43.18014,-80.99986,"Luvisolic","3","Bt",50,100,0.12,"5",37,45,18
"NPD",1,"1975",42.92259,-80.11271,"Gleysolic","4","Ckg1",46,64,0.3,"7.6",2,62,36
"NPD",1,"1975",42.92259,-80.11271,"Gleysolic","3","Bg2",26,46,0.3,"7.1",5,49,46
"NPD",1,"1975",42.92259,-80.11271,"Gleysolic","2","Bg1",14,26,0.7,"6.8",7,50,43
"NPD",1,"1975",42.92259,-80.11271,"Gleysolic","1","Ah",0,14,4.4,"6.6",7,49,44
"NPD",1,"1975",42.89652,-80.11884,"Gleysolic","3","Bmgj",38,63,0.41,"7.4",12,44,44
"NPD",1,"1975",42.89652,-80.11884,"Gleysolic","1","Ap",0,23,2.96,"7.2",12,46,42
"NPD",1,"1975",42.89652,-80.11884,"Gleysolic","2","Bg",23,38,0.64,"7.1",5,50,45
"NPD",1,"1975",43.68548,-80.59538,"Luvisolic","3","Bt",25,60,0.35,"7.1",16,38,46
"NPD",1,"1975",43.68548,-80.59538,"Luvisolic","1","Ap",0,20,2.23,"7",18,55,27
"NPD",1,"1975",43.68548,-80.59538,"Luvisolic","2","Bm",20,25,0.88,"6.8",15,48,37
"NPD",1,"1975",43.18014,-80.96664,"Luvisolic","2","Bmgj",25,30,0.35,"7.3",33,56,11
"NPD",1,"1975",43.18014,-80.96664,"Luvisolic","3","Btgj",30,48,0.29,"7.3",38,41,21
"NPD",1,"1975",43.18014,-80.96664,"Luvisolic","1","Ap",0,25,2.29,"6.9",21,60,18
"NPD",1,"1975",42.76699,-80.59528,"Luvisolic","4","Bt",35,70,0.29,"7.4",29,44,28
"NPD",1,"1975",42.76699,-80.59528,"Luvisolic","2","Bm1",25,30,0.71,"7.3",30,57,13
"NPD",1,"1975",42.76699,-80.59528,"Luvisolic","1","Ap",0,25,1.65,"7.1",32,50,19
"NPD",1,"1975",43.13421,-80.96052,"Brunisolic","3","Btj",27,55,0.23,"7.2",42,40,19
"NPD",1,"1975",43.13421,-80.96052,"Brunisolic","1","Ap",0,22,1.88,"6.6",30,53,18
"NPD",1,"1975",42.07494,-82.58892,"Brunisolic","4","BCg",95,110,0.06,"6.5",93,3,4
"NPD",1,"1975",42.07494,-82.58892,"Brunisolic","3","Bmgj",55,95,0.65,"6",94,3,3
"NPD",1,"1975",42.07494,-82.58892,"Brunisolic","2","Bm",25,55,0.35,"5.7",93,4,3
"NPD",1,"1975",42.07494,-82.58892,"Brunisolic","1","Ap",0,25,1.18,"5",84,10,6
"NPD",1,"1975",42.16942,-82.52894,"Gleysolic","3","Bg2",45,116,0.24,"7",21,34,45
"NPD",1,"1975",42.16942,-82.52894,"Gleysolic","2","Bg1",16,45,0.59,"6.4",21,34,45
"NPD",1,"1975",42.16942,-82.52894,"Gleysolic","1","Ap",0,16,1.47,"5.4",25,38,37
"NPD",1,"1975",42.07032,-82.56463,"Luvisolic","3","Btgj",45,65,0.24,"7.3",56,27,17
"NPD",1,"1975",42.07032,-82.56463,"Luvisolic","1","Ap",0,30,1.06,"6.3",79,13,8
"NPD",1,"1975",42.07032,-82.56463,"Luvisolic","2","Bmgj",30,45,0.18,"6.2",79,14,7
"NPD",1,"1975",42.06207,-82.54207,"Luvisolic","2","Bmgj1",21,32,0.53,"7.2",86,11,3
"NPD",1,"1975",42.06207,-82.54207,"Luvisolic","4","Btgj",53,63,0.18,"7.2",63,19,18
"NPD",1,"1975",42.06207,-82.54207,"Luvisolic","5","Btg",63,86,0.23,"7.2",44,40,17
"NPD",1,"1975",42.06207,-82.54207,"Luvisolic","1","Ap",0,21,0.71,"7.1",74,18,8
"NPD",1,"1975",42.06207,-82.54207,"Luvisolic","3","Bmgj2",32,53,0.18,"6.9",83,13,4
"NPD",1,"1975",42.15668,-82.53831,"Gleysolic","2","Bg",30,60,0.47,"7.1",28,34,38
"NPD",1,"1975",42.15668,-82.53831,"Gleysolic","1","Ap",0,30,2.35,"6.9",36,35,29
"NPD",1,"1975",43.15043,-80.98264,"Luvisolic","3","Btgj2",35,60,0.35,"7.2",31,49,21
"NPD",1,"1975",43.15043,-80.98264,"Luvisolic","2","Btgj1",18,35,0.47,"6.8",31,51,19
"NPD",1,"1975",43.15043,-80.98264,"Luvisolic","1","Ap",0,18,2.29,"6.2",18,63,19
"NPD",1,"1975",43.19005,-80.99001,"Gleysolic","3","Bgtj1",50,70,0.35,"7",27,49,24
"NPD",1,"1975",43.19005,-80.99001,"Gleysolic","4","Bgtj2",70,90,0.35,"7",30,45,25
"NPD",1,"1975",43.19005,-80.99001,"Gleysolic","1","Ap",0,30,2.94,"6.8",24,52,24
"NPD",1,"1975",43.19005,-80.99001,"Gleysolic","2","Aejg",30,50,0.94,"6.8",32,48,21
"NPD",1,"1975",42.08256,-82.62357,"Luvisolic","3","Btgj",61,86,0.24,"6",81,7,12
"NPD",1,"1975",42.08256,-82.62357,"Luvisolic","2","Bmgj",31,61,0.12,"5.6",84,10,7
"NPD",1,"1975",42.08256,-82.62357,"Luvisolic","1","Ap",0,31,0.82,"5",83,11,6
"NPD",1,"1976",45.37171,-75.72801,"Podzolic","2","Bf1",7,63,0.3,"5.8",93,3,4
"NPD",1,"1976",45.37171,-75.72801,"Podzolic","6","C",95,150,0.2,"5.8",27,25,48
"NPD",1,"1976",45.37171,-75.72801,"Podzolic","3","Bfgj1",63,70,0.1,"5.7",94,3,3
"NPD",1,"1976",45.37171,-75.72801,"Podzolic","4","Bfgj2",70,85,0.1,"5.7",82,11,7
"NPD",1,"1976",45.37171,-75.72801,"Podzolic","5","Bfgj3",85,95,0.2,"5.5",91,6,3
"NPD",1,"1976",45.37171,-75.72801,"Podzolic","1","Ap",0,7,1.4,"4.9",86,9,5
"NPD",1,"1976",43.33617,-81.38722,"Luvisolic","4","Btgj2",47,52,0.65,"7.4",18,47,36
"NPD",1,"1976",43.33617,-81.38722,"Luvisolic","1","Ap",0,26,3.53,"7.2",15,50,35
"NPD",1,"1976",43.33617,-81.38722,"Luvisolic","3","Btgj1",37,47,1.53,"7.2",11,42,49
"NPD",1,"1976",43.33617,-81.38722,"Luvisolic","2","Bmgj",26,37,1.06,"7.1",15,49,36
"NPD",1,"1976",43.33617,-81.38845,"Luvisolic","4","BCk",50,55,0.35,"7.7",14,48,39
"NPD",1,"1976",43.33617,-81.38845,"Luvisolic","3","Bt",30,50,0.59,"7.5",10,36,55
"NPD",1,"1976",43.33617,-81.38845,"Luvisolic","1","Ap",0,24,2.42,"7.3",20,51,30
"NPD",1,"1976",43.33617,-81.38845,"Luvisolic","2","Bm",24,30,0.71,"7.3",22,56,22
"NPD",1,"1976",42.12557,-82.50731,"Luvisolic","3","Btgj",36,60,0.12,"7",79,8,14
"NPD",1,"1976",42.12557,-82.50731,"Luvisolic","2","Bmgj",28,36,0.12,"5.6",91,8,2
"NPD",1,"1976",42.12557,-82.50731,"Luvisolic","1","Ap",0,28,1.47,"5.4",82,12,7
"NPD",1,"1976",43.03233,-80.07431,"Gleysolic","3","Bg",47,95,0.82,"7.5",21,40,40
"NPD",1,"1976",43.03233,-80.07431,"Gleysolic","2","Bg",22,47,0.29,"6.4",65,20,16
"NPD",1,"1976",43.03233,-80.07431,"Gleysolic","1","Ap",0,22,1.71,"6",70,18,13
"NPD",1,"1976",42.16816,-82.55554,"Luvisolic","3","Btgj",28,54,0.35,"6.9",57,17,26
"NPD",1,"1976",42.16816,-82.55554,"Luvisolic","1","Ap",0,20,2.35,"6.6",56,28,17
"NPD",1,"1976",42.16816,-82.55554,"Luvisolic","2","Bmgj",20,28,0.41,"6.4",61,25,14
"NPD",1,"1976",43.30733,-81.39567,"Luvisolic","1","Ap",0,17,1.88,"7.2",7,71,23
"NPD",1,"1976",43.30733,-81.39567,"Luvisolic","4","Btgj2",60,80,0.12,"7.1",4,62,34
"NPD",1,"1976",43.30733,-81.39567,"Luvisolic","2","Bmgj",17,30,0.23,"7",8,74,19
"NPD",1,"1976",43.30733,-81.39567,"Luvisolic","3","Btgj1",30,60,0.12,"7",5,61,35
"NPD",1,"1976",43.35514,-81.36883,"Luvisolic","2","Btk",12,25,0.47,"7.5",9,43,49
"NPD",1,"1976",43.35514,-81.36883,"Luvisolic","1","Apk",0,12,1.88,"7.3",9,60,31
"NPD",1,"1976",43.09641,-79.63836,"Luvisolic","4","Btgj2",30,53,0.76,"6.7",5,36,59
"NPD",1,"1976",43.09641,-79.63836,"Luvisolic","3","Btgj1",22,30,0.59,"5.8",11,44,45
"NPD",1,"1976",43.09641,-79.63836,"Luvisolic","1","Ap",0,17,2.82,"5",25,42,34
"NPD",1,"1976",43.09641,-79.63836,"Luvisolic","2","Bmgj",17,22,0.18,"5",26,45,29
"NPD",1,"1976",42.13086,-82.51591,"Gleysolic","3","Bg2",75,100,0.35,"7.4",24,35,42
"NPD",1,"1976",42.13086,-82.51591,"Gleysolic","2","Bg1",25,75,0.29,"7.1",40,18,43
"NPD",1,"1976",42.13086,-82.51591,"Gleysolic","1","Ap",0,25,1.99,"6.5",34,33,35
"NPD",1,"1976",43.09253,-79.65257,"Luvisolic","1","Ap",0,15,2.12,"6.6",9,62,29
"NPD",1,"1976",43.09253,-79.65257,"Luvisolic","3","Btgj",25,55,0.59,"6.2",3,36,62
"NPD",1,"1976",43.09253,-79.65257,"Luvisolic","2","Bmgj",15,25,0.88,"5.6",5,53,43
"NPD",1,"1976",43.10481,-79.62527,"Luvisolic","4","Ckgj",50,62,0.24,"7.7",3,57,40
"NPD",1,"1976",43.10481,-79.62527,"Luvisolic","1","Ap",0,15,2.23,"7.3",8,55,38
"NPD",1,"1976",43.10481,-79.62527,"Luvisolic","2","Bmgj",15,25,1.76,"7.2",8,56,37
"NPD",1,"1976",43.10481,-79.62527,"Luvisolic","3","Btgj",25,50,0.47,"7.1",4,48,49
"NPD",1,"1976",43.07812,-79.54172,"Luvisolic","1","Ap",0,15,2.12,"6",5,44,52
"NPD",1,"1976",43.07812,-79.54172,"Luvisolic","2","Bt",15,40,0.71,"5.7",2,32,66
"NPD",1,"1976",43.08229,-79.58707,"Luvisolic","3","Btgj",20,45,0.47,"6.8",3,33,64
"NPD",1,"1976",43.08229,-79.58707,"Luvisolic","1","Ap",0,15,1.53,"5.8",14,43,44
"NPD",1,"1976",43.08229,-79.58707,"Luvisolic","2","Bmgj",15,20,1.06,"5.8",5,41,54
"NPD",1,"1976",43.33617,-81.38599,"Gleysolic","2","Bg1",30,45,0.23,"7.5",4,58,38
"NPD",1,"1976",43.33617,-81.38599,"Gleysolic","3","Bg2",45,70,0.23,"7.5",6,51,43
"NPD",1,"1976",43.33617,-81.38599,"Gleysolic","1","Ap",0,30,1.88,"7.3",6,56,38
"NPD",1,"1976",43.33896,-81.35886,"Gleysolic","2","Bg",20,50,0.35,"7.5",2,56,43
"NPD",1,"1976",43.33896,-81.35886,"Gleysolic","1","Ap",0,20,1.94,"7.4",2,60,38
"NPD",1,"1977",43.04612,-79.76961,"Gleysolic","1","Ap",0,10,2.5,"7.3",17,57,25
"NPD",1,"1977",43.04612,-79.76961,"Gleysolic","2","Bm",10,21,1.2,"6.8",15,54,30
"NPD",1,"1977",43.04612,-79.76961,"Gleysolic","3","Btg",21,46,0.3,"6.6",9,41,50
"NPD",1,"1977",42.16784,-82.51195,"Luvisolic","3","Btgj",22,50,0.47,"7.1",14,38,49
"NPD",1,"1977",42.16784,-82.51195,"Luvisolic","2","Bmgj",20,22,0.47,"6.4",37,38,25
"NPD",1,"1977",42.16784,-82.51195,"Luvisolic","1","Ap",0,20,1.59,"6.3",38,40,22
"NPD",1,"1977",42.98833,-79.75482,"Gleysolic","4","Btg",23,45,0.52,"6.5",2,31,67
"NPD",1,"1977",42.98833,-79.75482,"Gleysolic","1","Ap",0,15,2.28,"5.6",14,49,37
"NPD",1,"1977",42.98833,-79.75482,"Gleysolic","3","ABgj",21,23,0.72,"5.4",4,33,64
"NPD",1,"1977",42.98833,-79.75482,"Gleysolic","2","Bm",15,21,0.48,"4.8",5,32,63
"NPD",1,"1977",43.03934,-79.76668,"Luvisolic","4","Btgj2",36,55,0.65,"7.5",3,38,60
"NPD",1,"1977",43.03934,-79.76668,"Luvisolic","1","Ah",0,15,3.61,"7",20,46,35
"NPD",1,"1977",43.03934,-79.76668,"Luvisolic","3","Btgj1",28,36,0.77,"5.4",3,32,65
"NPD",1,"1977",42.9527,-79.7917,"Luvisolic","4","BC",29,41,0.53,"7.7",2,31,67
"NPD",1,"1977",42.9527,-79.7917,"Luvisolic","1","Ah",0,7,2.34,"7.2",12,64,24
"NPD",1,"1977",42.9527,-79.7917,"Luvisolic","2","Bm",7,16,0.72,"6.7",7,62,31
"NPD",1,"1977",42.9527,-79.7917,"Luvisolic","3","Bt",16,29,0.53,"5.6",3,35,62
"NPD",1,"1977",43.03287,-79.75146,"Gleysolic","3","BCg",40,50,0.51,"7.1",6,37,57
"NPD",1,"1977",43.03287,-79.75146,"Gleysolic","1","Ap",0,15,3.31,"6.4",5,47,48
"NPD",1,"1977",43.03287,-79.75146,"Gleysolic","2","Bg",15,40,0.93,"6",4,34,62
"NPD",1,"1977",42.93195,-79.83132,"Luvisolic","2","Bt",15,30,0.38,"7.6",27,47,26
"NPD",1,"1977",42.93195,-79.83132,"Luvisolic","1","Ap",0,15,2,"7.3",32,47,21
"NPD",1,"1977",42.93305,-79.76451,"Luvisolic","2","Bmgj",10,17,1.11,"7.3",7,42,51
"NPD",1,"1977",42.93305,-79.76451,"Luvisolic","1","Ap",0,10,2.92,"7.1",9,53,38
"NPD",1,"1977",42.93305,-79.76451,"Luvisolic","3","Btgj",17,40,0.6,"6.9",2,30,68
"NPD",1,"1977",42.85996,-79.7929,"Luvisolic","1","Ap",0,14,3.89,"7.2",12,45,43
"NPD",1,"1977",42.85996,-79.7929,"Luvisolic","2","Bmgj",14,20,1.11,"7.1",8,40,51
"NPD",1,"1977",42.85996,-79.7929,"Luvisolic","3","Btgj",20,44,0.61,"7",5,28,67
"NPD",1,"1977",42.84599,-79.48783,"Luvisolic","3","Bt",18,45,0.54,"6.8",17,51,32
"NPD",1,"1977",42.84599,-79.48783,"Luvisolic","1","Ap",0,15,2.13,"6.2",20,55,25
"NPD",1,"1978",45.39726,-73.51403,"Organic","6","Cg",340,350,1.33,"7.2",1,50,49
"NPD",1,"1978",45.41449,-75.51411,"Organic","9","Cg",525,550,2.25,"7.4",3,28,69
"NPD",1,"1978",42.79417,-80.64341,"Luvisolic","1","Ah",0,15,5.39,"7.2",78,16,6
"NPD",1,"1978",43.06313,-79.84603,"Luvisolic","1","Ap",0,11,3.53,"6.3",3,61,36
"NPD",1,"1978",43.06313,-79.84603,"Luvisolic","3","Bt",27,50,0.61,"5.9",1,54,45
"NPD",1,"1978",43.06313,-79.84603,"Luvisolic","2","Btgj",11,27,0.74,"4.7",1,53,46
"NPD",1,"1978",42.86362,-80.54508,"Luvisolic","3","Bm",29,53,0.08,"6.2",92,6,2
"NPD",1,"1978",42.94573,-80.38818,"Luvisolic","3","Bt",25,42,0.37,"7.3",52,26,21
"NPD",1,"1978",42.94573,-80.38818,"Luvisolic","2","Bm",15,25,0.27,"7.2",76,18,6
"NPD",1,"1978",42.94573,-80.38818,"Luvisolic","1","Ap",0,15,1.43,"7.1",79,15,6
"NPD",1,"1978",42.82003,-80.7136,"Luvisolic","4","Bt",31,46,0.49,"7.3",20,40,40
"NPD",1,"1978",42.82003,-80.7136,"Luvisolic","3","AB",17,31,0.33,"7.1",21,41,38
"NPD",1,"1979",43.18894,-79.39146,"Luvisolic","1","Ap",0,24,1.52,"6.8",49,39,12
"NPD",1,"1979",43.18894,-79.39146,"Luvisolic","2","Aegj",24,50,0.29,"6.7",36,57,7
"NPD",1,"1979",43.18894,-79.39146,"Luvisolic","3","Btgj",50,58,0.19,"6.7",16,66,18
"NPD",1,"1979",43.18894,-79.39146,"Luvisolic","4","Btgj",58,64,0.23,"6.6",13,60,27
"NPD",1,"1979",43.18894,-79.39146,"Luvisolic","5","BCgj",64,83,0.46,"6.2",15,56,29
"NPD",1,"1979",42.85769,-80.2691,"Luvisolic","7","Ck2",90,125,0.52,"7.7",95,4,1
"NPD",1,"1979",42.85769,-80.2691,"Luvisolic","6","Ck1",65,90,0.82,"7.6",92,6,2
"NPD",1,"1979",42.85769,-80.2691,"Luvisolic","5","Bt",55,65,0.51,"7.2",64,22,14
"NPD",1,"1979",42.85769,-80.2691,"Luvisolic","1","Ap1",0,20,1.64,"7.1",58,31,11
"NPD",1,"1979",42.85769,-80.2691,"Luvisolic","2","Ap2",20,28,1.52,"6.9",54,38,8
"NPD",1,"1979",42.85769,-80.2691,"Luvisolic","3","Bm",28,40,0.38,"6.9",57,37,6
"NPD",1,"1979",42.85769,-80.2691,"Luvisolic","4","AB",40,55,0.17,"6.8",72,22,6
"NPD",1,"1979",42.86616,-80.411,"Luvisolic","1","Ah",0,12,1.15,"6.8",86,10,3
"NPD",1,"1979",42.90652,-80.47126,"Luvisolic","4","Bt",66,74,0.12,"7.1",86,5,9
"NPD",1,"1979",42.90652,-80.47126,"Luvisolic","1","Ah",0,15,2.64,"6.7",81,10,9
"NPD",1,"1979",42.90652,-80.47126,"Luvisolic","3","Bm2",37,66,0.12,"6.7",91,8,1
"NPD",1,"1979",42.90652,-80.47126,"Luvisolic","2","Bm1",15,37,0.24,"6.3",89,10,1
"NPD",1,"1979",42.1306,-82.78324,"Gleysolic","1","Ap",0,23,4.44,"7.1",17,31,52
"NPD",1,"1979",42.77041,-80.44369,"Luvisolic","1","Ah",0,15,3.34,"6.3",91,4,5
"NPD",1,"1979",43.00963,-80.3808,"Luvisolic","1","Ap",0,33,0.77,"6.9",80,15,5
"NPD",1,"1979",43.00963,-80.3808,"Luvisolic","4","Bt",59,84,0.16,"6.8",74,8,17
"NPD",1,"1979",43.00963,-80.3808,"Luvisolic","2","Bm1",33,49,0.37,"6.7",86,2,3
"NPD",1,"1979",43.00963,-80.3808,"Luvisolic","3","Bm2",49,59,0.2,"6.6",82,12,5
"NPD",1,"1979",42.27328,-82.28528,"Gleysolic","1","Ap",0,18,2.15,"6.1",18,42,40
"NPD",1,"1979",42.96742,-80.49526,"Luvisolic","3","Btgj",40,55,0.63,"7.5",29,34,37
"NPD",1,"1979",42.96742,-80.49526,"Luvisolic","2","Bmgj",32,40,1.26,"7.4",40,39,21
"NPD",1,"1979",42.96742,-80.49526,"Luvisolic","1","Ap",0,32,3.65,"7.3",41,36,23
"NPD",1,"1979",42.70898,-80.4998,"Luvisolic","2","Bm1",8,13,0.28,"7.5",89,7,4
"NPD",1,"1979",42.70898,-80.4998,"Luvisolic","4","Bt",25,45,0.12,"7.4",70,23,7
"NPD",1,"1979",42.70898,-80.4998,"Luvisolic","3","Bm2",13,25,0.16,"7.3",90,9,1
"NPD",1,"1979",42.73112,-80.49596,"Luvisolic","4","Ckgj",55,94,0.12,"7.9",33,64,3
"NPD",1,"1979",42.73112,-80.49596,"Luvisolic","3","Bt",28,55,0.16,"7.1",29,53,18
"NPD",1,"1979",42.73112,-80.49596,"Luvisolic","2","Bm",23,28,0.16,"6",64,32,4
"NPD",1,"1979",42.73112,-80.49596,"Luvisolic","1","Ap",0,23,0.49,"5.7",68,27,5
"NPD",1,"1979",42.92019,-79.87014,"Luvisolic","1","Ah",0,10,4.33,"7.3",14,55,31
"NPD",1,"1979",42.92019,-79.87014,"Luvisolic","3","Bt",19,45,0.57,"7.2",2,33,65
"NPD",1,"1979",42.92019,-79.87014,"Luvisolic","2","Bm",10,19,1.1,"6.8",7,49,44
"NPD",1,"1979",42.83173,-80.56672,"Gleysolic","5","Ckg1",65,100,0.08,"7.4",95,0,4
"NPD",1,"1979",42.83173,-80.56672,"Gleysolic","1","Ah",0,15,2.7,"7.3",80,10,10
"NPD",1,"1979",42.83173,-80.56672,"Gleysolic","2","Bmgj",15,30,0.16,"7",91,4,4
"NPD",1,"1979",42.83173,-80.56672,"Gleysolic","3","Btgj",30,40,0.16,"6.9",88,4,8
"NPD",1,"1979",42.83173,-80.56672,"Gleysolic","4","Btg",40,65,0.08,"6.1",93,1,7
"NPD",1,"1979",42.62988,-80.53397,"Luvisolic","1","Ah",0,15,3.82,"7.4",20,51,29
"NPD",1,"1979",42.62988,-80.53397,"Luvisolic","2","Bm",15,25,1.17,"7",24,55,20
"NPD",1,"1979",42.62988,-80.53397,"Luvisolic","4","Bt",33,52,0.44,"7",7,46,47
"NPD",1,"1979",42.62988,-80.53397,"Luvisolic","3","AB",25,33,0.36,"5.9",10,47,43
"NPD",1,"1979",42.66488,-80.40986,"Luvisolic","5","Ckgj",49,57,0.2,"7.6",90,8,2
"NPD",1,"1979",42.66488,-80.40986,"Luvisolic","1","Ap",0,16,1.61,"7.5",61,24,15
"NPD",1,"1979",42.66488,-80.40986,"Luvisolic","2","Bmgj",16,24,0.24,"7.4",77,16,6
"NPD",1,"1979",42.66488,-80.40986,"Luvisolic","3","Btgj",24,34,0.36,"7.2",83,7,9
"NPD",1,"1979",42.66488,-80.40986,"Luvisolic","4","BCgj",34,49,0.08,"7.2",87,7,6
"NPD",1,"1979",42.96706,-80.51734,"Luvisolic","5","Ckgj",71,76,0.08,"7.6",93,4,3
"NPD",1,"1979",42.96706,-80.51734,"Luvisolic","4","Btgj",50,71,0.18,"7.3",90,3,7
"NPD",1,"1979",42.96706,-80.51734,"Luvisolic","3","Bmgj2",28,50,0.18,"7.1",96,4,0
"NPD",1,"1979",42.96706,-80.51734,"Luvisolic","2","Bmgj1",15,28,0.16,"6.9",94,6,0
"NPD",1,"1979",42.96706,-80.51734,"Luvisolic","1","Ap",0,15,4.64,"6.7",80,12,8
"NPD",1,"1979",42.58339,-80.62877,"Luvisolic","2","Bm1",25,45,0.49,"7.6",94,4,2
"NPD",1,"1979",42.58339,-80.62877,"Luvisolic","4","Btgj",85,100,0.16,"7.6",80,9,6
"NPD",1,"1979",42.58339,-80.62877,"Luvisolic","3","Bm2",45,85,0.04,"7.5",96,2,1
"NPD",1,"1979",42.58339,-80.62877,"Luvisolic","6","BCgj",118,134,0.04,"7.5",76,21,2
"NPD",1,"1979",42.58339,-80.62877,"Luvisolic","1","Ap",0,25,0.49,"7.4",88,9,2
"NPD",1,"1979",42.58339,-80.62877,"Luvisolic","5","Btj",100,118,0.12,"7.4",90,3,4
"NPD",1,"1980",42.98003,-80.497,"Gleysolic","3","Btg",32,50,0.57,"7.2",27,43,30
"NPD",1,"1980",42.98003,-80.497,"Gleysolic","1","Ah",0,16,5.32,"7.1",34,36,30
"NPD",1,"1980",45.28338,-76.08302,"Organic","4","Cg",108,195,1.32,"7.1",74,15,11
"NPD",1,"1980",42.98087,-80.4835,"Organic","2","Bg",48,90,0.2,"7.4",14,43,43
"NPD",1,"1980",42.75596,-80.6644,"Gleysolic","1","Ah",0,23,2,"5.4",76,20,4
"NPD",1,"1980",42.75596,-80.6644,"Gleysolic","2","Aeg",23,70,0.63,"5.4",64,32,4
"NPD",1,"1980",42.75506,-80.66441,"Luvisolic","1","Ah",0,12,7.03,"6.8",67,22,11
"NPD",1,"1980",42.75506,-80.66441,"Luvisolic","5","Bcgj",63,70,0.04,"6.6",59,38,3
"NPD",1,"1980",42.75506,-80.66441,"Luvisolic","2","Bm",12,32,1.71,"6.1",85,13,2
"NPD",1,"1980",42.75506,-80.66441,"Luvisolic","4","Btgj",58,63,0.23,"6",89,8,3
"NPD",1,"1980",42.75506,-80.66441,"Luvisolic","3","Bmgj",32,58,0.27,"5.5",92,7,0
"NPD",1,"1980",42.62644,-80.68985,"Gleysolic","3","Bgk2",75,90,0.2,"7.3",94,4,2
"NPD",1,"1980",42.62644,-80.68985,"Gleysolic","2","Bgk1",50,75,0.12,"7.1",94,6,1
"NPD",1,"1980",42.62644,-80.68985,"Gleysolic","1","Ap",0,50,1.62,"6.7",77,17,6
"NPD",1,"1980",42.99164,-80.38527,"Gleysolic","3","Ckg",66,95,0.29,"7.6",55,36,9
"NPD",1,"1980",42.99164,-80.38527,"Gleysolic","4","Ckg",95,105,0.12,"7.6",84,13,3
"NPD",1,"1980",42.99164,-80.38527,"Gleysolic","2","Bg",28,66,0.32,"7.3",63,25,12
"NPD",1,"1980",42.99164,-80.38527,"Gleysolic","1","Ap",0,28,4.08,"6.9",55,28,17
"NPD",1,"1980",42.94662,-80.38523,"Luvisolic","4","Btgj2",55,69,0.4,"7.4",71,19,10
"NPD",1,"1980",42.94662,-80.38523,"Luvisolic","1","Ap",0,25,3.54,"7.3",70,21,10
"NPD",1,"1980",42.94662,-80.38523,"Luvisolic","2","Bmgj",25,40,0.81,"7.2",78,15,7
"NPD",1,"1980",42.94662,-80.38523,"Luvisolic","3","Btgj1",40,55,0.36,"7.2",73,16,11
"NPD",1,"1980",42.99267,-79.86943,"Luvisolic","4","Ck1",75,125,0.2,"7.4",94,5,1
"NPD",1,"1980",42.99267,-79.86943,"Luvisolic","1","Ap",0,25,1.79,"6.9",61,30,9
"NPD",1,"1980",42.99267,-79.86943,"Luvisolic","3","Bt",55,75,0.28,"6.9",75,12,13
"NPD",1,"1980",42.99267,-79.86943,"Luvisolic","2","Bm",25,55,0.04,"6.8",62,32,6
"NPD",1,"1980",42.93749,-79.8447,"Brunisolic","1","Apk",0,30,2.09,"7.4",26,52,22
"NPD",1,"1980",42.93749,-79.8447,"Brunisolic","4","Ckgj1",90,120,0.08,"7.3",74,20,6
"NPD",1,"1980",42.93749,-79.8447,"Brunisolic","2","Bmgj",30,70,0.24,"7.2",50,35,15
"NPD",1,"1980",42.97078,-80.23894,"Gleysolic","3","Ckg",28,87,0.28,"7.4",2,74,25
"NPD",1,"1980",42.97078,-80.23894,"Gleysolic","2","Bg",13,28,0.28,"7.2",61,30,10
"NPD",1,"1980",42.97078,-80.23894,"Gleysolic","1","Ap",0,13,2.04,"6.9",53,32,15
"NPD",1,"1980",42.84398,-79.61393,"Brunisolic","2","Btjgj",17,50,0.97,"7.3",10,41,48
"NPD",1,"1980",42.84398,-79.61393,"Brunisolic","1","Ap",0,17,4.05,"7.2",14,39,47
"NPD",1,"1980",42.91758,-79.66925,"Gleysolic","4","BCgk",76,92,6.47,"7.6",22,46,32
"NPD",1,"1980",42.91758,-79.66925,"Gleysolic","1","Ahk1",0,50,3.5,"7.5",6,56,38
"NPD",1,"1980",42.91758,-79.66925,"Gleysolic","2","Ahk2",50,58,3.04,"7.5",8,65,27
"NPD",1,"1980",42.91758,-79.66925,"Gleysolic","3","Bgk",58,76,0.04,"7.3",20,42,38
"NPD",1,"1980",42.95962,-80.22706,"Brunisolic","5","Ckgj",55,70,0.04,"7.8",17,71,11
"NPD",1,"1980",42.95962,-80.22706,"Brunisolic","4","Btjgj",40,55,0.57,"7.6",47,39,14
"NPD",1,"1980",42.95962,-80.22706,"Brunisolic","1","Ap",0,15,2.91,"7.4",30,53,17
"NPD",1,"1980",42.95962,-80.22706,"Brunisolic","2","Bm",15,25,1.14,"7.3",32,54,14
"NPD",1,"1980",42.95962,-80.22706,"Brunisolic","3","Bmgj",25,40,0.9,"7.3",33,54,13
"NPD",1,"1982",42.6939,-80.45048,"Luvisolic","2","Bm1",20,54,0.6,"6.2",87,8,5
"NPD",1,"1982",42.6939,-80.45048,"Luvisolic","3","Bm2",54,70,0.1,"6.2",74,21,5
"NPD",1,"1982",42.6939,-80.45048,"Luvisolic","1","Ah",0,20,4.3,"6",78,13,9
"NPD",1,"2000",44.01233,-76.97084,"Brunisolic","6","Ckg",87,100,0,"7.7",44,46.7,9.3
"NPD",1,"2000",44.01233,-76.97084,"Brunisolic","4","Btgj",55,73,0,"7",15,51.6,33.4
"NPD",1,"2000",44.01797,-76.97704,"Luvisolic","3","Ckg",55,70,0,"7.7",35.1,36.3,28.6
"NPD",1,"2000",45.26778,-76.26377,"Luvisolic","4","Cgj",56,100,0.232,"6.88",8,42.4,49.7
"NPD",1,"2000",45.30322,-76.27412,"Gleysolic","3","Btgj",39,59,0.174,"6.34",5.7,41.7,52.6
"NPD",1,"2000",45.30322,-76.27412,"Gleysolic","2","Bmgj",19,39,0.464,"5.31",8.2,41.3,50.5
"NPD",1,"2000",45.19943,-76.1748,"Gleysolic","3","Bmg2",47,68,0.232,"5.93",59,17.6,23.4
"NPD",1,"2000",45.19943,-76.1748,"Gleysolic","2","Bmg1",24,47,0.29,"5.9",79.6,15,5.4
"NPD",1,"1998",45.25,-74.96,"Gleysolic","4","Cg",50,99,0.058,"7.4",87.79,8.5,3.7
"NPD",1,"1998",45.25,-74.96,"Gleysolic","2","Bg1",19,30,0.116,"7",87.09,9.7,3.2
"NPD",1,"1998",45.25,-74.96,"Gleysolic","3","Bg2",30,50,0.058,"6.9",86.88,8.2,4.9
